{
    "SID" :{
        "title":"관광지"
    },
    "body":[
                   {
                   "addr1":"부산광역시 강서구 천성동 308-2",
                   "areacode":6,
                   "cat1":"A01",
                   "cat2":"A0101",
                   "cat3":"A01011300",
                   "contentid":2715601,
                   "contenttypeid":12,
                   "createdtime":20210508004846,
                   "firstimage":"http:\/\/tong.visitkorea.or.kr\/cms\/resource\/61\/2716261_image2_1.jpg",
                   "firstimage2":"http:\/\/tong.visitkorea.or.kr\/cms\/resource\/61\/2716261_image3_1.jpg",
                   "mapx":128.8169442487,
                   "mapy":"35.0229638330",
                   "mlevel":6,
                   "modifiedtime":20220519171900,
                   "readcount":0,
                   "sigungucode":1,
                   "title":"가덕도"
                },
                {
                   "addr1":"부산광역시 강서구 외양포로 10",
                   "areacode":6,
                   "cat1":"A01",
                   "cat2":"A0101",
                   "cat3":"A01011600",
                   "contentid":129156,
                   "contenttypeid":12,
                   "createdtime":20060719000000,
                   "firstimage":"http:\/\/tong.visitkorea.or.kr\/cms\/resource\/88\/1982388_image2_1.jpg",
                   "firstimage2":"http:\/\/tong.visitkorea.or.kr\/cms\/resource\/88\/1982388_image3_1.jpg",
                   "mapx":128.8295937487,
                   "mapy":35.0006471157,
                   "mlevel":6,
                   "modifiedtime":20211018112733,
                   "readcount":46597,
                   "sigungucode":1,
                   "title":"가덕도 등대",
                   "zipcode":46771
                },
                {
                   "addr1":"부산광역시 강서구 천성동",
                   "firstimage2":"img/logo.png",
                   "areacode":6,
                   "cat1":"A01",
                   "cat2":"A0101",
                   "cat3":"A01010400",
                   "contentid":2726843,
                   "contenttypeid":12,
                   "createdtime":20210723113306,
                   "mapx":128.8216713782,
                   "mapy":35.0317518247,
                   "mlevel":6,
                   "modifiedtime":20210723141313,
                   "readcount":0,
                   "sigungucode":1,
                   "title":"가덕도 연대봉"
                },
                {
                   "addr1":"부산광역시 강서구 대항동 393-9",
                   "addr2":"(대항동)",
                   "areacode":6,
                   "cat1":"A01",
                   "cat2":"A0101",
                   "cat3":"A01011900",
                   "contentid":2789460,
                   "contenttypeid":12,
                   "createdtime":20211208134227,
                   "firstimage":"http:\/\/tong.visitkorea.or.kr\/cms\/resource\/67\/2800367_image2_1.jpg",
                   "firstimage2":"http:\/\/tong.visitkorea.or.kr\/cms\/resource\/67\/2800367_image2_1.jpg",
                   "mapx":128.8274685924,
                   "mapy":35.0133095493,
                   "mlevel":6,
                   "modifiedtime":20211216093718,
                   "readcount":0,
                   "sigungucode":1,
                   "title":"가덕도대항인공동굴",
                   "zipcode":46771
                },
                {
                   "addr1":"부산광역시 강서구 거가대로 2571",
                   "addr2":"(천성동)",
                   "areacode":6,
                   "cat1":"A02",
                   "cat2":"A0205",
                   "cat3":"A02050200",
                   "contentid":2782772,
                   "contenttypeid":12,
                   "createdtime":20211129132823,
                   "firstimage":"http:\/\/tong.visitkorea.or.kr\/cms\/resource\/60\/2793060_image2_1.jpg",
                   "firstimage2":"http:\/\/tong.visitkorea.or.kr\/cms\/resource\/60\/2793060_image2_1.jpg",
                   "mapx":"128.8096309940",
                   "mapy":35.0230581337,
                   "mlevel":6,
                   "modifiedtime":20211213134613,
                   "readcount":0,
                   "sigungucode":1,
                   "title":"가덕해양파크휴게소",
                   "zipcode":46770
                },
                {
                   "addr1":"부산광역시 부산진구 엄광로 118",
                   "firstimage2":"img/logo.png",
                   "addr2":"(가야동)",
                   "areacode":6,
                   "cat1":"A02",
                   "cat2":"A0202",
                   "cat3":"A02020700",
                   "contentid":2788410,
                   "contenttypeid":12,
                   "createdtime":20211207172652,
                   "mapx":129.0276891748,
                   "mapy":35.1483453258,
                   "mlevel":6,
                   "modifiedtime":20211208140235,
                   "readcount":0,
                   "sigungucode":7,
                   "title":"가야공원 \/ 가야산책공원",
                   "zipcode":47389
                },
                {
                   "addr1":"부산광역시 남구 감만동 626-1",
                   "areacode":6,
                   "firstimage2":"img/logo.png",
                   "cat1":"A02",
                   "cat2":"A0202",
                   "cat3":"A02020700",
                   "contentid":2788422,
                   "contenttypeid":12,
                   "createdtime":20211207173211,
                   "mapx":129.0687505471,
                   "mapy":35.1097087416,
                   "mlevel":6,
                   "modifiedtime":20211208124111,
                   "readcount":0,
                   "sigungucode":4,
                   "title":"감만시민공원"
                },
                {
                   "addr1":"부산광역시 영도구 감지길 110",
                   "addr2":"(동삼동)",
                   "areacode":6,
                   "cat1":"A01",
                   "cat2":"A0101",
                   "cat3":"A01011200",
                   "contentid":2785289,
                   "contenttypeid":12,
                   "createdtime":20211202134528,
                   "firstimage":"http:\/\/tong.visitkorea.or.kr\/cms\/resource\/18\/2798118_image2_1.JPG",
                   "firstimage2":"http:\/\/tong.visitkorea.or.kr\/cms\/resource\/18\/2798118_image2_1.JPG",
                   "mapx":129.0764900502,
                   "mapy":35.0625336062,
                   "mlevel":6,
                   "modifiedtime":20211215100509,
                   "readcount":0,
                   "sigungucode":14,
                   "title":"감지해변",
                   "zipcode":49126
                },
                {
                   "addr1":"부산광역시 서구 원양로 6",
                   "addr2":"(암남동)",
                   "areacode":6,
                   "cat1":"A01",
                   "cat2":"A0101",
                   "cat3":"A01011400",
                   "contentid":2785306,
                   "contenttypeid":12,
                   "createdtime":20211202135158,
                   "firstimage":"http:\/\/tong.visitkorea.or.kr\/cms\/resource\/08\/2798108_image2_1.JPG",
                   "firstimage2":"http:\/\/tong.visitkorea.or.kr\/cms\/resource\/08\/2798108_image2_1.JPG",
                   "mapx":129.0128152394,
                   "mapy":35.0547971892,
                   "mlevel":6,
                   "modifiedtime":20211215100031,
                   "readcount":0,
                   "sigungucode":11,
                   "title":"감천동편부두 \/ 감천항",
                   "zipcode":49277
                },
                {
                   "addr1":"부산광역시 연제구 묘봉산로 40",
                   "addr2":"(연산동)",
                   "areacode":6,
                   "cat1":"A02",
                   "cat2":"A0201",
                   "cat3":"A02010800",
                   "contentid":294452,
                   "contenttypeid":12,
                   "createdtime":20071127012214,
                   "firstimage":"http:\/\/tong.visitkorea.or.kr\/cms\/resource\/83\/1561883_image2_1.jpg",
                   "firstimage2":"http:\/\/tong.visitkorea.or.kr\/cms\/resource\/83\/1561883_image3_1.jpg",
                   "mapx":129.0912632411,
                   "mapy":35.1833036953,
                   "mlevel":6,
                   "modifiedtime":20220518173009,
                   "readcount":22523,
                   "sigungucode":13,
                   "title":"감천사(부산)",
                   "zipcode":47582
                },
                {
                   "addr1":"부산광역시 기장군 철마면 웅천리 ",
                   "areacode":6,
                   "cat1":"A02",
                   "cat2":"A0202",
                   "cat3":"A02020700",
                   "contentid":2782765,
                   "contenttypeid":12,
                   "createdtime":20211129132303,
                   "firstimage":"http:\/\/tong.visitkorea.or.kr\/cms\/resource\/58\/2794158_image2_1.jpg",
                   "firstimage2":"http:\/\/tong.visitkorea.or.kr\/cms\/resource\/58\/2794158_image2_1.jpg",
                   "mapx":129.1695450043,
                   "mapy":35.2954092493,
                   "mlevel":6,
                   "modifiedtime":20211213164933,
                   "readcount":0,
                   "sigungucode":3,
                   "title":"곰내연밭"
                },
                {
                   "addr1":"부산광역시 기장군 기장읍 ",
                   "areacode":6,
                   "cat1":"A02",
                   "cat2":"A0203",
                   "cat3":"A02030100",
                   "contentid":128610,
                   "contenttypeid":12,
                   "firstimage2":"img/logo.png",
                   "createdtime":20050926090000,
                   "mapx":129.2111944455,
                   "mapy":35.1844585662,
                   "mlevel":6,
                   "modifiedtime":20220513112114,
                   "readcount":33033,
                   "sigungucode":3,
                   "title":"공수어촌체험마을",
                   "zipcode":46084
                }
             ]
          }